Name,Type,Notes
Called Shot,Card,Banned in Standard Constructed
Draven Vanquisher,Card,Banned in Standard Constructed
Fight or Flight,Card,Banned in Standard Constructed
Scrapheap,Card,Banned in Standard Constructed
Stealthy Pursuer,Card,Banned in Standard Constructed
Obelisk of Power,Battlefield,Banned in Standard Constructed
Reaver's Row,Battlefield,Banned in Standard Constructed
The Dreaming Tree,Battlefield,Banned in Standard Constructed
The Arena's Greatest,Battlefield,Banned in Standard Constructed
Aspirant's Climb,Battlefield,Banned in Standard Constructed
