"Quantity","Name","Type","Energy","Power","Might","Domain","Tag"
"1","Rengar, Pridestalker","Legend","0","0","0","Fury/Body",""
"1","Rengar, Trophy Hunter","Unit","5","1","6","Body",""
"1","Emperor's Dais","Battlefield","0","0","0","",""
"1","Seat of Power","Battlefield","0","0","0","",""
"1","Star Spring","Battlefield","0","0","0","",""
"8","Body Rune","Rune","0","0","0","Body",""
"4","Fury Rune","Rune","0","0","0","Fury",""
"3","Punch First","Spell","1","2","0","Body",""
"3","Thrill of the Hunt","Spell","2","1","0","Fury/Body",""
"2","Sabotage","Spell","1","1","0","Body",""
"2","Rampage","Spell","3","0","0","Body",""
"1","Repulse","Spell","1","1","0","Body",""
"1","Brittle Steel","Spell","2","1","0","Fury",""
"3","Inferna","Unit","2","0","1","Fury",""
"3","Grim Apothecary","Unit","3","0","3","Fury",""
"3","Kinkou Initiate","Unit","3","0","3","Body",""
"3","Determined Sentry","Unit","1","0","1","Body",""
"3","Irresistible Faefolk","Unit","2","0","1","Body",""
"2","Gem Jammer","Unit","2","0","2","Fury",""
"1","Brynhir Thundersong","Unit","6","0","5","Fury",""
"3","Nidalee, Cat Form","Unit","3","1","4","Body",""
"2","Darius, Trifarian","Unit","5","1","5","Fury",""
"2","Rengar, Pouncing","Unit","3","1","3","Fury",""
"2","Pyke, Dockside Butcher","Unit","3","0","2","Fury",""
