Quantity,Name,Type,Energy,Power,Might,Domain,Tag
1,"Fiora, Grand Duelist",Legend,0,0,0,Body/Order,
1,Amateur Recital,Battlefield,0,0,0,,
1,Back-Alley Bar,Battlefield,0,0,0,,
1,Bandle Tree,Battlefield,0,0,0,,
8,Body Rune,Rune,0,0,0,Body,
4,Order Rune,Rune,0,0,0,Order,
1,"Fiora, Worthy",Unit,3,0,3,Order,
3,Determined Sentry,Unit,1,0,1,Body,
3,Carrion Dredger,Unit,2,0,1,Order,
3,Cithria of Cloudfield,Unit,2,0,1,Body,
3,Black Rose Dignitary,Unit,3,0,2,Order,
2,Brutal Hunter,Unit,3,1,4,Body,
3,Buhru Captain,Unit,3,1,3,Body,
2,Arachnoid Horror,Unit,6,1,6,Body,
3,Decree of Strength,Spell,1,0,0,Body,
3,Flurry of Blades,Spell,1,0,0,Body,
2,Blood Money,Spell,2,0,0,Order,
2,Back to Back,Spell,3,0,0,Order,
3,Daring Poro,Unit,2,0,2,Order,
3,Punch First,Spell,1,2,0,Body,
3,Demacian Diplomat,Unit,2,0,2,Body,
1,Seal of Strength,Gear,0,1,0,Body,
